id,prompt,answer
binary_mixed_it003_0001,"In Alice's Wonderland, a secret binary mixed rule transforms 8-bit inputs.
Here are some examples of input -> output:
00110010 -> 01100100
10010100 -> 00100000
11110010 -> 01100100
00110011 -> 01100110
10110010 -> 01100100

Now, determine the output for: 01010101",00100010
binary_mixed_it003_0002,"In Alice's Wonderland, a secret binary mixed rule transforms 8-bit inputs.
Here are some examples of input -> output:
11010010 -> 01111101
00101100 -> 01010110
00111101 -> 01011110
01100001 -> 01110100
00000101 -> 01010110

Now, determine the output for: 00010010",01011101
binary_mixed_it003_0003,"In Alice's Wonderland, a secret binary mixed rule transforms 8-bit inputs.
Here are some examples of input -> output:
10010100 -> 00100011
01001111 -> 10110000
10000111 -> 00110000
01010000 -> 10100011
10110000 -> 00000011

Now, determine the output for: 10110011",00000000
binary_mixed_it003_0004,"In Alice's Wonderland, a secret binary mixed rule transforms 8-bit inputs.
Here are some examples of input -> output:
00111001 -> 10101000
00010101 -> 11110000
01000110 -> 01010110
11111101 -> 00100000
10101010 -> 10001110

Now, determine the output for: 11101111",00000100
binary_mixed_it003_0005,"In Alice's Wonderland, a secret binary mixed rule transforms 8-bit inputs.
Here are some examples of input -> output:
01011111 -> 01000000
00111101 -> 00100010
10101010 -> 10110101
00000001 -> 00011110
00111111 -> 00100000

Now, determine the output for: 01101101",01110010
binary_mixed_it003_0006,"In Alice's Wonderland, a secret binary mixed rule transforms 8-bit inputs.
Here are some examples of input -> output:
01110110 -> 01101100
11001001 -> 00010011
00110001 -> 01100010
01010111 -> 00101110
01001100 -> 00011000

Now, determine the output for: 01000000",00000000
binary_mixed_it003_0007,"In Alice's Wonderland, a secret binary mixed rule transforms 8-bit inputs.
Here are some examples of input -> output:
00100000 -> 00000010
11101001 -> 10011110
10011011 -> 10111000
01010011 -> 00110100
10101101 -> 11011010

Now, determine the output for: 00000101",01010000
binary_mixed_it003_0008,"In Alice's Wonderland, a secret binary mixed rule transforms 8-bit inputs.
Here are some examples of input -> output:
10111001 -> 00110000
10010011 -> 00100000
10010110 -> 00100000
10011101 -> 00110000
11010000 -> 10100000

Now, determine the output for: 01010101",10100000
binary_mixed_it003_0009,"In Alice's Wonderland, a secret binary mixed rule transforms 8-bit inputs.
Here are some examples of input -> output:
01101100 -> 00110100
10011110 -> 01001100
10011101 -> 01001100
11110000 -> 01111000
01110001 -> 00111000

Now, determine the output for: 11101101",01110100
binary_mixed_it003_0010,"In Alice's Wonderland, a secret binary mixed rule transforms 8-bit inputs.
Here are some examples of input -> output:
10110100 -> 11111100
01111000 -> 11111000
00001110 -> 11111110
01001011 -> 11111011
11101001 -> 11111001

Now, determine the output for: 01101011",11111011
binary_mixed_it003_0011,"In Alice's Wonderland, a secret binary mixed rule transforms 8-bit inputs.
Here are some examples of input -> output:
10000001 -> 10010001
10111111 -> 01101001
01000101 -> 10000001
01001111 -> 10101001
11011100 -> 11100101

Now, determine the output for: 10111101",01100001
binary_mixed_it003_0012,"In Alice's Wonderland, a secret binary mixed rule transforms 8-bit inputs.
Here are some examples of input -> output:
01001111 -> 10111111
10000110 -> 10011010
00100100 -> 10011010
01011101 -> 11111111
01100100 -> 10011011

Now, determine the output for: 11101010",10111011
binary_mixed_it003_0013,"In Alice's Wonderland, a secret binary mixed rule transforms 8-bit inputs.
Here are some examples of input -> output:
10110100 -> 00000000
01111101 -> 01001001
11101001 -> 01001001
11111010 -> 01001000
01000011 -> 01100001

Now, determine the output for: 10000011",00100001
binary_mixed_it003_0014,"In Alice's Wonderland, a secret binary mixed rule transforms 8-bit inputs.
Here are some examples of input -> output:
00111010 -> 00110000
00010101 -> 01101110
10000011 -> 01000010
00110100 -> 00101100
11001100 -> 11011100

Now, determine the output for: 10001110",01011000
binary_mixed_it003_0015,"In Alice's Wonderland, a secret binary mixed rule transforms 8-bit inputs.
Here are some examples of input -> output:
01101111 -> 00000000
11101001 -> 00000110
01101010 -> 00000101
10001111 -> 01000000
10100001 -> 01000110

Now, determine the output for: 11010110",00000001
binary_mixed_it003_0016,"In Alice's Wonderland, a secret binary mixed rule transforms 8-bit inputs.
Here are some examples of input -> output:
11011101 -> 11111111
00101110 -> 11111111
10001010 -> 11111111
10100100 -> 11111111
00000101 -> 11111111

Now, determine the output for: 01010110",11111111
binary_mixed_it003_0017,"In Alice's Wonderland, a secret binary mixed rule transforms 8-bit inputs.
Here are some examples of input -> output:
01100000 -> 11110001
11000110 -> 10111101
00000111 -> 10111111
10000001 -> 10110011
11111010 -> 11110101

Now, determine the output for: 11011110",10111101
binary_mixed_it003_0018,"In Alice's Wonderland, a secret binary mixed rule transforms 8-bit inputs.
Here are some examples of input -> output:
01111001 -> 00010000
01001000 -> 00000000
01110011 -> 00010000
11011010 -> 00010000
01000010 -> 00000000

Now, determine the output for: 00011011",01010000
binary_mixed_it003_0019,"In Alice's Wonderland, a secret binary mixed rule transforms 8-bit inputs.
Here are some examples of input -> output:
00001100 -> 11111001
00100110 -> 11101100
11101111 -> 10001000
00011100 -> 11110001
01010110 -> 11010100

Now, determine the output for: 01100111",11001100
binary_mixed_it003_0020,"In Alice's Wonderland, a secret binary mixed rule transforms 8-bit inputs.
Here are some examples of input -> output:
00011100 -> 11111101
10010101 -> 11110101
11000100 -> 11100101
01001110 -> 11101111
01111001 -> 11011101

Now, determine the output for: 11100000",11000101
binary_mixed_it003_0021,"In Alice's Wonderland, a secret binary mixed rule transforms 8-bit inputs.
Here are some examples of input -> output:
10110010 -> 00000101
00100101 -> 00000001
10111101 -> 00000101
10110111 -> 00000101
01001101 -> 00000010

Now, determine the output for: 10001011",00000100
binary_mixed_it003_0022,"In Alice's Wonderland, a secret binary mixed rule transforms 8-bit inputs.
Here are some examples of input -> output:
01001011 -> 00101000
00001111 -> 01101100
10000101 -> 11100110
11100111 -> 10000100
01011001 -> 00111010

Now, determine the output for: 10110011",11010000
binary_mixed_it003_0023,"In Alice's Wonderland, a secret binary mixed rule transforms 8-bit inputs.
Here are some examples of input -> output:
10000110 -> 01011110
00001111 -> 00111100
01110110 -> 01100010
00011010 -> 01111001
11000001 -> 10001111

Now, determine the output for: 11100101",10000110
binary_mixed_it003_0024,"In Alice's Wonderland, a secret binary mixed rule transforms 8-bit inputs.
Here are some examples of input -> output:
01011100 -> 11111111
00111110 -> 11011111
11100010 -> 11011111
10010110 -> 11111111
00000100 -> 11111111

Now, determine the output for: 00001000",11111111
binary_mixed_it003_0025,"In Alice's Wonderland, a secret binary mixed rule transforms 8-bit inputs.
Here are some examples of input -> output:
01000111 -> 11110000
01111111 -> 11111000
11110101 -> 11110000
10000000 -> 11110101
10001010 -> 11111101

Now, determine the output for: 00001111",11111000
binary_mixed_it003_0026,"In Alice's Wonderland, a secret binary mixed rule transforms 8-bit inputs.
Here are some examples of input -> output:
11000001 -> 00010110
01111111 -> 00000000
11001001 -> 00010110
10010110 -> 00000000
00011000 -> 00000110

Now, determine the output for: 11000101",00010010
binary_mixed_it003_0027,"In Alice's Wonderland, a secret binary mixed rule transforms 8-bit inputs.
Here are some examples of input -> output:
10110110 -> 10111101
00111000 -> 10111111
10111111 -> 11111111
10010110 -> 10110101
11111010 -> 10111111

Now, determine the output for: 01000000",10110001
binary_mixed_it003_0028,"In Alice's Wonderland, a secret binary mixed rule transforms 8-bit inputs.
Here are some examples of input -> output:
00001010 -> 01000000
01101001 -> 00100000
11001010 -> 01000000
11111111 -> 11100000
10010001 -> 00100000

Now, determine the output for: 01010010",01000000
binary_mixed_it003_0029,"In Alice's Wonderland, a secret binary mixed rule transforms 8-bit inputs.
Here are some examples of input -> output:
01110110 -> 01001011
10010001 -> 10000100
11100000 -> 01100110
11001010 -> 00110010
00100111 -> 11101001

Now, determine the output for: 11111001",01010100
binary_mixed_it003_0030,"In Alice's Wonderland, a secret binary mixed rule transforms 8-bit inputs.
Here are some examples of input -> output:
11111011 -> 11111011
01001110 -> 01001110
11000000 -> 11000000
00110010 -> 00110010
01101101 -> 01101101

Now, determine the output for: 11101001",11101001
binary_mixed_it003_0031,"In Alice's Wonderland, a secret binary mixed rule transforms 8-bit inputs.
Here are some examples of input -> output:
10111000 -> 00000010
11001010 -> 00001000
00110110 -> 00000010
11011111 -> 00001010
00111100 -> 00000010

Now, determine the output for: 10110010",00000010
binary_mixed_it003_0032,"In Alice's Wonderland, a secret binary mixed rule transforms 8-bit inputs.
Here are some examples of input -> output:
10110000 -> 01011111
00000101 -> 11111110
10110011 -> 01011100
01000100 -> 11111111
11010010 -> 01111101

Now, determine the output for: 00111011",11011100
binary_mixed_it003_0033,"In Alice's Wonderland, a secret binary mixed rule transforms 8-bit inputs.
Here are some examples of input -> output:
00111110 -> 01000001
10011000 -> 01000111
10010101 -> 01000010
10000001 -> 01010110
10110101 -> 01000010

Now, determine the output for: 01100011",00010100
binary_mixed_it003_0034,"In Alice's Wonderland, a secret binary mixed rule transforms 8-bit inputs.
Here are some examples of input -> output:
11010000 -> 11010000
00111011 -> 00111011
11101010 -> 11101010
10111001 -> 10111001
10000010 -> 10000010

Now, determine the output for: 00000100",00000100
binary_mixed_it003_0035,"In Alice's Wonderland, a secret binary mixed rule transforms 8-bit inputs.
Here are some examples of input -> output:
01011100 -> 11100000
11000000 -> 01111100
01110010 -> 11001110
00101011 -> 10010111
00010010 -> 10101110

Now, determine the output for: 01110111",11001011
binary_mixed_it003_0036,"In Alice's Wonderland, a secret binary mixed rule transforms 8-bit inputs.
Here are some examples of input -> output:
11101101 -> 11101101
11101001 -> 11101001
10011101 -> 10011101
01001101 -> 01001101
10001000 -> 10001000

Now, determine the output for: 00011101",00011101
binary_mixed_it003_0037,"In Alice's Wonderland, a secret binary mixed rule transforms 8-bit inputs.
Here are some examples of input -> output:
11111101 -> 10011101
11111111 -> 10011101
00011101 -> 10000001
01101010 -> 00001101
10001000 -> 00010001

Now, determine the output for: 00111011",00000101
binary_mixed_it003_0038,"In Alice's Wonderland, a secret binary mixed rule transforms 8-bit inputs.
Here are some examples of input -> output:
00111110 -> 10110000
00110111 -> 11111000
11100100 -> 01100000
01010110 -> 11110000
00101000 -> 00000000

Now, determine the output for: 11110011",11011000
binary_mixed_it003_0039,"In Alice's Wonderland, a secret binary mixed rule transforms 8-bit inputs.
Here are some examples of input -> output:
11101110 -> 00001000
00001000 -> 01111011
01010101 -> 01010101
10110000 -> 00100111
00000001 -> 01111111

Now, determine the output for: 10101101",00101001
binary_mixed_it003_0040,"In Alice's Wonderland, a secret binary mixed rule transforms 8-bit inputs.
Here are some examples of input -> output:
01001101 -> 10111010
11001011 -> 10111100
10111111 -> 11111000
10111110 -> 11111001
10110111 -> 11111000

Now, determine the output for: 01000001",10111110
binary_mixed_it003_0041,"In Alice's Wonderland, a secret binary mixed rule transforms 8-bit inputs.
Here are some examples of input -> output:
11111001 -> 01111110
10001011 -> 01001110
10100001 -> 01101110
01011101 -> 01011110
00001101 -> 01001110

Now, determine the output for: 10110100",01111110
binary_mixed_it003_0042,"In Alice's Wonderland, a secret binary mixed rule transforms 8-bit inputs.
Here are some examples of input -> output:
01010001 -> 00000100
10101111 -> 10100110
00100001 -> 10000100
10111100 -> 10100010
10101111 -> 10100110

Now, determine the output for: 01011000",00100000
binary_mixed_it003_0043,"In Alice's Wonderland, a secret binary mixed rule transforms 8-bit inputs.
Here are some examples of input -> output:
00011001 -> 01110011
00110101 -> 01100101
10011111 -> 00110000
00101111 -> 01101000
01101011 -> 01001010

Now, determine the output for: 10100001",00101111
binary_mixed_it003_0044,"In Alice's Wonderland, a secret binary mixed rule transforms 8-bit inputs.
Here are some examples of input -> output:
10010101 -> 01000000
01100100 -> 11001000
00010011 -> 01110000
01101101 -> 10000000
10001001 -> 10100000

Now, determine the output for: 10101000",10101000
binary_mixed_it003_0045,"In Alice's Wonderland, a secret binary mixed rule transforms 8-bit inputs.
Here are some examples of input -> output:
00001001 -> 11101100
00111111 -> 10000000
01100100 -> 00110110
11111001 -> 00001100
00101011 -> 10101000

Now, determine the output for: 00110110",10010010
binary_mixed_it003_0046,"In Alice's Wonderland, a secret binary mixed rule transforms 8-bit inputs.
Here are some examples of input -> output:
00000111 -> 00011011
01100101 -> 10010010
11001110 -> 00111100
11100111 -> 10011000
01101100 -> 10110110

Now, determine the output for: 01110110",11011110
binary_mixed_it003_0047,"In Alice's Wonderland, a secret binary mixed rule transforms 8-bit inputs.
Here are some examples of input -> output:
10010101 -> 10101001
01101000 -> 01011110
00101110 -> 01000111
01100111 -> 01100010
10001010 -> 11010101

Now, determine the output for: 00110110",00100111
binary_mixed_it003_0048,"In Alice's Wonderland, a secret binary mixed rule transforms 8-bit inputs.
Here are some examples of input -> output:
01100100 -> 11101011
00001100 -> 10000011
10001001 -> 00000110
10010000 -> 00011111
00110001 -> 10111110

Now, determine the output for: 00000111",10001000
binary_mixed_it003_0049,"In Alice's Wonderland, a secret binary mixed rule transforms 8-bit inputs.
Here are some examples of input -> output:
00010010 -> 01110110
01110100 -> 11111110
11001001 -> 11110110
00000100 -> 01111110
00001100 -> 01111110

Now, determine the output for: 00100001",01110110
binary_mixed_it003_0050,"In Alice's Wonderland, a secret binary mixed rule transforms 8-bit inputs.
Here are some examples of input -> output:
11111111 -> 00000000
01011101 -> 00010000
00101100 -> 10011000
11010110 -> 01001000
01100100 -> 11011000

Now, determine the output for: 01101011",10100000
binary_mixed_it003_0051,"In Alice's Wonderland, a secret binary mixed rule transforms 8-bit inputs.
Here are some examples of input -> output:
11010101 -> 11010011
10110010 -> 10110100
01000011 -> 01000101
10011000 -> 10011110
00011010 -> 00011100

Now, determine the output for: 10110001",10110111
binary_mixed_it003_0052,"In Alice's Wonderland, a secret binary mixed rule transforms 8-bit inputs.
Here are some examples of input -> output:
11110101 -> 10110011
10010111 -> 10000010
11011110 -> 00100110
11111110 -> 00110110
10100110 -> 00011010

Now, determine the output for: 11110011",10110000
binary_mixed_it003_0053,"In Alice's Wonderland, a secret binary mixed rule transforms 8-bit inputs.
Here are some examples of input -> output:
11001100 -> 00000000
01111000 -> 00000100
10001110 -> 00000000
00010111 -> 00000000
01100101 -> 00000000

Now, determine the output for: 00101111",00000000
binary_mixed_it003_0054,"In Alice's Wonderland, a secret binary mixed rule transforms 8-bit inputs.
Here are some examples of input -> output:
01100100 -> 11111111
01100001 -> 11111111
11111111 -> 11111111
11110010 -> 11111111
01100110 -> 11111111

Now, determine the output for: 11001101",11111111
binary_mixed_it003_0055,"In Alice's Wonderland, a secret binary mixed rule transforms 8-bit inputs.
Here are some examples of input -> output:
01111110 -> 00011111
01011100 -> 00010111
11000111 -> 00010001
01001111 -> 00010011
11111001 -> 00011110

Now, determine the output for: 10101000",00001010
binary_mixed_it003_0056,"In Alice's Wonderland, a secret binary mixed rule transforms 8-bit inputs.
Here are some examples of input -> output:
01010011 -> 00001001
01000000 -> 00000000
01011110 -> 00001111
01010110 -> 00001011
00110101 -> 00011010

Now, determine the output for: 01001111",00000111
binary_mixed_it003_0057,"In Alice's Wonderland, a secret binary mixed rule transforms 8-bit inputs.
Here are some examples of input -> output:
11101101 -> 00011010
01101010 -> 10011000
01111000 -> 10001010
11001100 -> 00011010
00100100 -> 10011010

Now, determine the output for: 11010100",00001010
binary_mixed_it003_0058,"In Alice's Wonderland, a secret binary mixed rule transforms 8-bit inputs.
Here are some examples of input -> output:
10111010 -> 10000011
01110000 -> 00000001
11110001 -> 10000000
00101111 -> 00010010
10011111 -> 10000010

Now, determine the output for: 11110110",10000011
binary_mixed_it003_0059,"In Alice's Wonderland, a secret binary mixed rule transforms 8-bit inputs.
Here are some examples of input -> output:
10111010 -> 10101000
10001100 -> 11001000
10010001 -> 00011000
01101010 -> 10100000
10111010 -> 10101000

Now, determine the output for: 01001000",10000000
binary_mixed_it003_0060,"In Alice's Wonderland, a secret binary mixed rule transforms 8-bit inputs.
Here are some examples of input -> output:
00011000 -> 11110011
01010100 -> 11010101
01110010 -> 11000110
00000100 -> 11111101
00001001 -> 01111011

Now, determine the output for: 01010100",11010101
binary_mixed_it003_0061,"In Alice's Wonderland, a secret binary mixed rule transforms 8-bit inputs.
Here are some examples of input -> output:
01011010 -> 11000000
00101000 -> 01000001
10011110 -> 11100000
01010001 -> 10000000
11111100 -> 11100001

Now, determine the output for: 00100000",00000001
binary_mixed_it003_0062,"In Alice's Wonderland, a secret binary mixed rule transforms 8-bit inputs.
Here are some examples of input -> output:
00001011 -> 00000100
00100101 -> 01000000
01100110 -> 01000100
11000110 -> 00000100
10000101 -> 00000000

Now, determine the output for: 11011100",00000000
binary_mixed_it003_0063,"In Alice's Wonderland, a secret binary mixed rule transforms 8-bit inputs.
Here are some examples of input -> output:
00010111 -> 00000000
11110011 -> 00011000
00101100 -> 00000001
11110111 -> 00011000
11011000 -> 00011001

Now, determine the output for: 00101010",00000001
binary_mixed_it003_0064,"In Alice's Wonderland, a secret binary mixed rule transforms 8-bit inputs.
Here are some examples of input -> output:
10111011 -> 11111111
00011100 -> 11111100
00010011 -> 11111111
10000111 -> 11101111
11110010 -> 11111110

Now, determine the output for: 10000100",11101100
binary_mixed_it003_0065,"In Alice's Wonderland, a secret binary mixed rule transforms 8-bit inputs.
Here are some examples of input -> output:
10001110 -> 00100001
11100101 -> 00000000
11110101 -> 00000000
11110100 -> 00000001
10101000 -> 00000101

Now, determine the output for: 00111011",00000100
binary_mixed_it003_0066,"In Alice's Wonderland, a secret binary mixed rule transforms 8-bit inputs.
Here are some examples of input -> output:
10110110 -> 11101101
10101100 -> 11110111
10001000 -> 11110111
11101110 -> 10110101
00110101 -> 01101111

Now, determine the output for: 00111010",01100101
binary_mixed_it003_0067,"In Alice's Wonderland, a secret binary mixed rule transforms 8-bit inputs.
Here are some examples of input -> output:
01111011 -> 01100011
11111010 -> 01100010
00011100 -> 01000110
01010011 -> 01000011
10001000 -> 01000010

Now, determine the output for: 01010010",01000010
binary_mixed_it003_0068,"In Alice's Wonderland, a secret binary mixed rule transforms 8-bit inputs.
Here are some examples of input -> output:
10101100 -> 01001101
10011100 -> 10001101
01101101 -> 01001010
11011101 -> 10001000
01101011 -> 01010010

Now, determine the output for: 11110010",00110100
binary_mixed_it003_0069,"In Alice's Wonderland, a secret binary mixed rule transforms 8-bit inputs.
Here are some examples of input -> output:
01010001 -> 11100011
10010011 -> 01100110
10001100 -> 01011000
11111011 -> 10110110
01001100 -> 11011001

Now, determine the output for: 11100111",10001110
binary_mixed_it003_0070,"In Alice's Wonderland, a secret binary mixed rule transforms 8-bit inputs.
Here are some examples of input -> output:
10100011 -> 10100011
00111101 -> 00111101
11000001 -> 11000001
10101000 -> 10101000
00101011 -> 00101011

Now, determine the output for: 00000101",00000101
binary_mixed_it003_0071,"In Alice's Wonderland, a secret binary mixed rule transforms 8-bit inputs.
Here are some examples of input -> output:
00001101 -> 00001101
11010001 -> 00010001
01101100 -> 00001100
11010001 -> 00010001
00111101 -> 00011101

Now, determine the output for: 11111111",00011111
binary_mixed_it003_0072,"In Alice's Wonderland, a secret binary mixed rule transforms 8-bit inputs.
Here are some examples of input -> output:
11011011 -> 11111110
11101000 -> 01111010
10100011 -> 11111010
10110100 -> 01111111
00111001 -> 01011110

Now, determine the output for: 00010110",11011111
binary_mixed_it003_0073,"In Alice's Wonderland, a secret binary mixed rule transforms 8-bit inputs.
Here are some examples of input -> output:
01110111 -> 11111111
11000001 -> 11101111
01100000 -> 11101110
11000111 -> 11101111
01000101 -> 11101111

Now, determine the output for: 01011001",11111111
binary_mixed_it003_0074,"In Alice's Wonderland, a secret binary mixed rule transforms 8-bit inputs.
Here are some examples of input -> output:
01110011 -> 01000010
01110111 -> 01000010
00101100 -> 01000000
01101011 -> 01000010
11110111 -> 01000010

Now, determine the output for: 00011110",00000000
binary_mixed_it003_0075,"In Alice's Wonderland, a secret binary mixed rule transforms 8-bit inputs.
Here are some examples of input -> output:
11011000 -> 00010000
01100010 -> 00100000
00000101 -> 00000000
11011100 -> 00010000
11000000 -> 00000000

Now, determine the output for: 01100001",00100000
binary_mixed_it003_0076,"In Alice's Wonderland, a secret binary mixed rule transforms 8-bit inputs.
Here are some examples of input -> output:
01110110 -> 01100111
10010100 -> 01001001
01111111 -> 11110111
10001100 -> 11001000
01110010 -> 00100111

Now, determine the output for: 11011101",11011101
binary_mixed_it003_0077,"In Alice's Wonderland, a secret binary mixed rule transforms 8-bit inputs.
Here are some examples of input -> output:
00000110 -> 00100000
00001111 -> 00101000
10010010 -> 10110100
00001000 -> 00101100
11100100 -> 10000000

Now, determine the output for: 10101110",10001000
binary_mixed_it003_0078,"In Alice's Wonderland, a secret binary mixed rule transforms 8-bit inputs.
Here are some examples of input -> output:
11011101 -> 00001000
11111000 -> 00000001
11011101 -> 00001000
10111010 -> 00010001
11110111 -> 00000010

Now, determine the output for: 01110010",00100011
binary_mixed_it003_0079,"In Alice's Wonderland, a secret binary mixed rule transforms 8-bit inputs.
Here are some examples of input -> output:
10001010 -> 01000100
00110111 -> 00001000
10101101 -> 01000100
11101111 -> 01100100
01110000 -> 00101000

Now, determine the output for: 01011010",00101100
binary_mixed_it003_0080,"In Alice's Wonderland, a secret binary mixed rule transforms 8-bit inputs.
Here are some examples of input -> output:
11111001 -> 00111100
11110100 -> 00111100
01001100 -> 00010000
01000000 -> 00010000
11011111 -> 00110100

Now, determine the output for: 01100010",00011000
binary_mixed_it003_0081,"In Alice's Wonderland, a secret binary mixed rule transforms 8-bit inputs.
Here are some examples of input -> output:
01001000 -> 01000000
10001000 -> 01000000
00100000 -> 00000000
10010011 -> 10011000
10111101 -> 11101000

Now, determine the output for: 10001101",01101000
binary_mixed_it003_0082,"In Alice's Wonderland, a secret binary mixed rule transforms 8-bit inputs.
Here are some examples of input -> output:
11110111 -> 11000100
01111001 -> 00010101
00110110 -> 11111100
11001101 -> 10000011
11100011 -> 01000110

Now, determine the output for: 00100001",00011110
binary_mixed_it003_0083,"In Alice's Wonderland, a secret binary mixed rule transforms 8-bit inputs.
Here are some examples of input -> output:
10101010 -> 11101111
00100011 -> 11001101
11011111 -> 11111111
10110101 -> 01101101
11111111 -> 11111111

Now, determine the output for: 11101010",11111111
binary_mixed_it003_0084,"In Alice's Wonderland, a secret binary mixed rule transforms 8-bit inputs.
Here are some examples of input -> output:
10000100 -> 11001011
10001010 -> 11001111
00001000 -> 10001111
01111001 -> 10111111
10110101 -> 11011011

Now, determine the output for: 01110110",10111011
binary_mixed_it003_0085,"In Alice's Wonderland, a secret binary mixed rule transforms 8-bit inputs.
Here are some examples of input -> output:
10101110 -> 10101100
11110010 -> 11110000
10110100 -> 10110100
01101011 -> 01101000
11111010 -> 11111000

Now, determine the output for: 00010101",00010100
binary_mixed_it003_0086,"In Alice's Wonderland, a secret binary mixed rule transforms 8-bit inputs.
Here are some examples of input -> output:
00010111 -> 01100011
01001011 -> 00010010
00111100 -> 11001111
10100111 -> 10100001
01011011 -> 01010010

Now, determine the output for: 01100101",10101010
binary_mixed_it003_0087,"In Alice's Wonderland, a secret binary mixed rule transforms 8-bit inputs.
Here are some examples of input -> output:
10100000 -> 00000000
10101111 -> 11000000
00000011 -> 11000000
01100111 -> 11000000
10010001 -> 01000000

Now, determine the output for: 01100100",00000000
binary_mixed_it003_0088,"In Alice's Wonderland, a secret binary mixed rule transforms 8-bit inputs.
Here are some examples of input -> output:
11010110 -> 10110000
00110011 -> 00010000
01011101 -> 00110010
11010100 -> 10110010
10010010 -> 10110000

Now, determine the output for: 10001101",10100010
binary_mixed_it003_0089,"In Alice's Wonderland, a secret binary mixed rule transforms 8-bit inputs.
Here are some examples of input -> output:
00100000 -> 00001000
11010011 -> 00110100
01111010 -> 00011110
10110100 -> 00101101
00001101 -> 00000011

Now, determine the output for: 10001100",00100011
binary_mixed_it003_0090,"In Alice's Wonderland, a secret binary mixed rule transforms 8-bit inputs.
Here are some examples of input -> output:
01110011 -> 11110001
01111111 -> 11110010
01111101 -> 01110010
11010110 -> 10011000
11011010 -> 10011011

Now, determine the output for: 01010001",01111001
binary_mixed_it003_0091,"In Alice's Wonderland, a secret binary mixed rule transforms 8-bit inputs.
Here are some examples of input -> output:
11011111 -> 00001000
10111100 -> 00010000
00001010 -> 00111101
01111001 -> 00100001
11100111 -> 00000110

Now, determine the output for: 11101110",00000100
binary_mixed_it003_0092,"In Alice's Wonderland, a secret binary mixed rule transforms 8-bit inputs.
Here are some examples of input -> output:
01110101 -> 11000100
10111111 -> 11000110
01000001 -> 00000100
01100101 -> 10000100
10111001 -> 11000110

Now, determine the output for: 01000011",00000100
binary_mixed_it003_0093,"In Alice's Wonderland, a secret binary mixed rule transforms 8-bit inputs.
Here are some examples of input -> output:
00110000 -> 00000000
01100000 -> 00000000
11011000 -> 00000000
11100110 -> 11000000
10001110 -> 11000000

Now, determine the output for: 10110011",01100000
binary_mixed_it003_0094,"In Alice's Wonderland, a secret binary mixed rule transforms 8-bit inputs.
Here are some examples of input -> output:
01110010 -> 01111001
10111011 -> 10110000
11001000 -> 11000011
00110011 -> 00111000
01100011 -> 01101000

Now, determine the output for: 01001110",01000101
binary_mixed_it003_0095,"In Alice's Wonderland, a secret binary mixed rule transforms 8-bit inputs.
Here are some examples of input -> output:
11001111 -> 01101010
11010001 -> 01110100
00011100 -> 10111001
00011010 -> 10111111
00010010 -> 10110111

Now, determine the output for: 10110010",00010111
binary_mixed_it003_0096,"In Alice's Wonderland, a secret binary mixed rule transforms 8-bit inputs.
Here are some examples of input -> output:
11111100 -> 10101100
01010000 -> 00101000
11100100 -> 10111100
10000100 -> 11111100
11000111 -> 10111111

Now, determine the output for: 00110011",01101011
binary_mixed_it003_0097,"In Alice's Wonderland, a secret binary mixed rule transforms 8-bit inputs.
Here are some examples of input -> output:
10100110 -> 00101011
00100010 -> 10111011
01111010 -> 10110000
00100110 -> 00111011
11110101 -> 01000001

Now, determine the output for: 10011111",00001100
binary_mixed_it003_0098,"In Alice's Wonderland, a secret binary mixed rule transforms 8-bit inputs.
Here are some examples of input -> output:
10101010 -> 10101010
00001111 -> 11100000
00001110 -> 11100000
00011111 -> 11100001
00011001 -> 10000001

Now, determine the output for: 00000010",00100000
binary_mixed_it003_0099,"In Alice's Wonderland, a secret binary mixed rule transforms 8-bit inputs.
Here are some examples of input -> output:
00110011 -> 00110011
00011101 -> 00011101
11010010 -> 11010010
00000010 -> 00000010
11011010 -> 11011010

Now, determine the output for: 11111100",11111100
binary_mixed_it003_0100,"In Alice's Wonderland, a secret binary mixed rule transforms 8-bit inputs.
Here are some examples of input -> output:
10110111 -> 11010001
00010111 -> 10010000
00010011 -> 10011000
11111010 -> 01001011
01100000 -> 01111110

Now, determine the output for: 10110001",11011101
